;date;totale production;total consumption;diff conso / prod (%);carbon production (kg);new carbon production (kg)
;01/01/2020 00:00;240829;233650;2.9809532905090332;57726618;38128301
;01/01/2020 06:00;230155;216262;6.036366796289458;52413126;33556926
;01/01/2020 12:00;255079;245962;3.5741868205536327;54351750;35639308
;01/01/2020 18:00;278264;270060;2.9482793318575164;64730122;43649068
;02/01/2020 00:00;238242;222827;6.470311699868201;55536348;35339695
;02/01/2020 06:00;272861;269170;1.3527033911038953;65649609;45382716
;02/01/2020 12:00;311131;308390;0.8809793945315638;73459913;52540334
;02/01/2020 18:00;319125;313867;1.6476302389345867;75127899;52560666
;03/01/2020 00:00;260609;239532;8.087594825965335;51058265;32591785
;03/01/2020 06:00;292914;278548;4.904511221723783;60844235;42056509
;03/01/2020 12:00;319416;309938;2.9672903048062715;69737218;50228419
;03/01/2020 18:00;321462;310204;3.5021246679234252;70448742;49784146
;04/01/2020 00:00;254573;240136;5.671064881193214;50274024;33172432
;04/01/2020 06:00;271514;250550;7.721148817372217;54276031;34548922
;04/01/2020 12:00;305807;289156;5.44493749325555;59675197;40488900
;04/01/2020 18:00;310143;298509;3.7511728460742297;67823665;46846840
;05/01/2020 00:00;248033;235764;4.946519213169216;57687857;36964749
;05/01/2020 06:00;246348;236625;3.946855667592187;59731304;37520545
;05/01/2020 12:00;282559;277855;1.6647850537409887;64353561;45398063
;05/01/2020 18:00;299370;294388;1.6641614056184653;71168220;50365357
;06/01/2020 00:00;248703;237365;4.55885132065154;57373115;38003171
;06/01/2020 06:00;283469;283121;0.12276474676243257;73062479;50109392
;06/01/2020 12:00;311264;309733;0.491865426133443;75637791;53738285
;06/01/2020 18:00;322561;317977;1.4211265466066885;81403450;58268852
;07/01/2020 00:00;267454;246412;7.867521143822863;63769232;42097203
;07/01/2020 06:00;318534;315419;0.977917584935988;87426271;64165976
;07/01/2020 12:00;338179;335547;0.7782860556096032;89716767;66349350
;07/01/2020 18:00;347307;340083;2.0800041461876666;91833844;66398585
;08/01/2020 00:00;274922;254021;7.60251998748736;57435943;38123928
;08/01/2020 06:00;326334;315532;3.3101055973327944;81049801;58686658
;08/01/2020 12:00;339744;332416;2.1569181501365735;87935262;64721423
;08/01/2020 18:00;334558;330328;1.2643547606095207;95083050;70498656
;09/01/2020 00:00;261985;245631;6.242342118823597;70189376;49856892
;09/01/2020 06:00;319992;312714;2.2744318607965197;86439973;63718768
;09/01/2020 12:00;335967;330549;1.6126583860914911;80801610;60755794
;09/01/2020 18:00;334342;329430;1.469154338970276;85359991;63093865
;10/01/2020 00:00;273758;248374;9.272423089005619;63332738;42632222
;10/01/2020 06:00;319022;312835;1.9393646833133764;81667020;59555536
;10/01/2020 12:00;340676;330904;2.8684145639845484;83187107;60061109
;10/01/2020 18:00;330645;326306;1.3122835669675936;86122408;62581235
;11/01/2020 00:00;263633;248114;5.88659234617821;64015210;43300594
;11/01/2020 06:00;271037;258892;4.4809380269114545;64026482;44921305
;11/01/2020 12:00;308487;293524;4.850447506702065;69805274;50635079
;11/01/2020 18:00;315885;299916;5.055320765468445;75483204;53825805
;12/01/2020 00:00;261027;241995;7.29119976094427;50397307;33924515
;12/01/2020 06:00;262213;240997;8.09113201862608;50973585;33984062
;12/01/2020 12:00;297350;279748;5.919623339498907;57216268;40747606
;12/01/2020 18:00;312112;295415;5.349682165376532;68460225;48989157
;13/01/2020 00:00;257319;239526;6.914763387079851;57876716;39612113
;13/01/2020 06:00;321884;315997;1.8289197350598352;87577700;64314084
;13/01/2020 12:00;345212;335803;2.7255715328551733;90487720;67728652
;13/01/2020 18:00;352220;338890;3.7845664641417294;90270796;66127069
;14/01/2020 00:00;276346;257111;6.960477083077012;51986373;35092984
;14/01/2020 06:00;334281;323846;3.1216252195009586;72721372;54090531
;14/01/2020 12:00;349216;335029;4.062528635572253;74272722;55540528
;14/01/2020 18:00;352524;337452;4.275453586138815;79510172;58045481
;15/01/2020 00:00;280119;255991;8.61348212723878;51322389;34033073
;15/01/2020 06:00;333790;319941;4.149015848287846;73141083;52576561
;15/01/2020 12:00;347687;331210;4.739032520629186;74841034;54970760
;15/01/2020 18:00;345695;335090;3.0677331173433227;83846614;60828344
;16/01/2020 00:00;273843;252977;7.619694496481561;62800585;42081934
;16/01/2020 06:00;323771;318290;1.6928631656324993;84637100;61625533
;16/01/2020 12:00;334220;322736;3.436060080186704;82011314;60667279
;16/01/2020 18:00;341586;332180;2.7536257340757526;86823045;62976687
;17/01/2020 00:00;277772;254369;8.425255245309101;59670533;39213230
;17/01/2020 06:00;328650;316509;3.694203560018257;81926180;59513968
;17/01/2020 12:00;337127;322732;4.269904220071368;84929336;62518706
;17/01/2020 18:00;336810;322649;4.204447611412963;86556929;61680179
;18/01/2020 00:00;275179;251698;8.532991252966251;60735916;40629799
;18/01/2020 06:00;280018;262251;6.34494925326229;67714013;46115305
;18/01/2020 12:00;311469;294799;5.352057508130825;77422514;54729093
;18/01/2020 18:00;311095;296379;4.730387823655153;81109539;56676092
;19/01/2020 00:00;267189;242003;9.426286261784728;65467296;42573354
;19/01/2020 06:00;270906;241962;10.684148745321256;65252688;41990155
;19/01/2020 12:00;301142;280272;6.930285380318919;70870910;49314648
;19/01/2020 18:00;311831;297786;4.504042253656628;80069743;55724103
;20/01/2020 00:00;274982;247893;9.85119025972609;69528959;45382836
;20/01/2020 06:00;326784;321942;1.4817126909518215;94848565;68897981
;20/01/2020 12:00;345298;339266;1.7468968832718406;97019185;70466671
;20/01/2020 18:00;352202;349529;0.7589394722346835;100183592;72901491
;21/01/2020 00:00;289472;265288;8.35452133539686;75333920;50004560
;21/01/2020 06:00;338043;329423;2.5499714533358184;96465766;69790326
;21/01/2020 12:00;346754;335905;3.1287310312209806;96756679;70302567
;21/01/2020 18:00;354986;343841;3.139560433369203;103369456;77389730
;22/01/2020 00:00;294188;269126;8.519042245094974;82183466;54678738
;22/01/2020 06:00;340278;330180;2.9675735721968506;100893520;73880778
;22/01/2020 12:00;347540;341306;1.793750359670829;104044112;78276490
;22/01/2020 18:00;350153;344992;1.4739271118625286;108219462;81461557
;23/01/2020 00:00;285491;269007;5.773912312472198;88609717;59900047
;23/01/2020 06:00;330762;327627;0.9478114172728427;107597966;79179617
;23/01/2020 12:00;342526;336518;1.7540274314942514;105558242;78815144
;23/01/2020 18:00;348932;342283;1.9055288709547993;110831994;83444965
;24/01/2020 00:00;283775;268430;5.407453087833671;89189764;60220750
;24/01/2020 06:00;332915;333221;-0.09191535376898007;107430424;79631575
;24/01/2020 12:00;344788;343701;0.31526619255890576;106254484;79123853
;24/01/2020 18:00;344211;340805;0.9895093416538112;109135761;81685085
;25/01/2020 00:00;280533;264865;5.585082681894821;83154291;56341349
;25/01/2020 06:00;283297;272971;3.6449379979314993;86235691;59504778
;25/01/2020 12:00;310974;299576;3.6652581887874867;92844750;65382698
;25/01/2020 18:00;313740;306623;2.268438834703895;97268848;69550859
;26/01/2020 00:00;258416;242471;6.1702835737725215;72389317;49779307
;26/01/2020 06:00;258378;239382;7.352019134756055;71277277;48122593
;26/01/2020 12:00;294258;279044;5.1702927363062345;76876484;54362517
;26/01/2020 18:00;305233;293937;3.700779404586005;83518649;59124189
;27/01/2020 00:00;266379;240187;9.832606924720041;62497263;40907942
;27/01/2020 06:00;327305;319342;2.4328989780174455;88160813;63502480
;27/01/2020 12:00;350272;340071;2.9123081490955602;91906808;66974692
;27/01/2020 18:00;346637;337099;2.7515816257352794;93027948;67458513
;28/01/2020 00:00;284023;255513;10.03791946426874;60874755;39318478
;28/01/2020 06:00;331534;320955;3.1909246110504506;79712842;57483601
;28/01/2020 12:00;348821;336630;3.4949157304176066;81930890;58769154
;28/01/2020 18:00;351187;341585;2.7341558770683427;81360979;58335519
;29/01/2020 00:00;276918;258595;6.616760196159152;56005825;35667954
;29/01/2020 06:00;325909;322483;1.0512136823469127;74370124;53541073
;29/01/2020 12:00;347008;338116;2.5624769457764662;75960951;55016061
;29/01/2020 18:00;341153;338632;0.7389646287736001;82177330;60080298
;30/01/2020 00:00;280477;259274;7.559621644555525;59036262;37707485
;30/01/2020 06:00;332849;323520;2.802772428338376;77866706;54923613
;30/01/2020 12:00;344978;334940;2.9097507667155584;75927632;54248124
;30/01/2020 18:00;342312;332652;2.8219869592652316;80464582;56195142
;31/01/2020 00:00;274202;251742;8.191041640834129;51470711;32757030
;31/01/2020 06:00;319906;312032;2.4613480209811636;71705701;50365114
;31/01/2020 12:00;335359;323078;3.662045747989468;71082944;50264847
;31/01/2020 18:00;330039;316972;3.959229060807965;73719914;52068931
;01/02/2020 00:00;259811;239602;7.778346567312393;44489994;28193845
;01/02/2020 06:00;261694;247830;5.297790549267465;45744734;30764227
;01/02/2020 12:00;296146;281073;5.089719260094682;49981098;34726020
;01/02/2020 18:00;298768;285082;4.580811867402131;54528305;39089668
;02/02/2020 00:00;250210;227394;9.118740258183127;39754182;23666824
;02/02/2020 06:00;245658;224209;8.731244250136369;42408571;27222976
;02/02/2020 12:00;273639;260826;4.682446581079451;50828189;35777542
;02/02/2020 18:00;288362;277343;3.821238582060049;58689409;42760369
;03/02/2020 00:00;243492;226415;7.013372102574211;43673196;28451447
;03/02/2020 06:00;310156;304084;1.957724499929068;66607334;48752568
;03/02/2020 12:00;330189;320249;3.0103970756142693;69372916;50839798
;03/02/2020 18:00;326607;321862;1.4528163817676902;76997493;56833658
;04/02/2020 00:00;254705;243552;4.378791150546711;52670032;35417837
;04/02/2020 06:00;318263;314800;1.0880938092081076;73385858;53096137
;04/02/2020 12:00;338936;329641;2.7424056459036517;73012101;53162176
;04/02/2020 18:00;338999;334796;1.2398266661553574;79834466;57856309
;05/02/2020 00:00;279347;257548;7.803556150594064;57061790;37776597
;05/02/2020 06:00;324675;324042;0.19496419496419498;85022100;61136018
;05/02/2020 12:00;331347;325889;1.6472157587061296;85136293;61265935
;05/02/2020 18:00;342570;338712;1.1261931867939399;91823500;66506293
;06/02/2020 00:00;280490;260740;7.0412492423972335;70390135;46748545
;06/02/2020 06:00;334669;330091;1.367918749570471;93074353;66872833
;06/02/2020 12:00;331466;322891;2.5869923310384775;91341414;65877749
;06/02/2020 18:00;341711;340368;0.393022173708192;98078406;72092015
;07/02/2020 00:00;278220;262530;5.639422040112142;77465016;52967165
;07/02/2020 06:00;333575;331727;0.5539983511953833;97307941;70590218
;07/02/2020 12:00;341765;328148;3.984316708849648;91618399;65232706
;07/02/2020 18:00;338786;327112;3.445833062759382;90891422;65455365
;08/02/2020 00:00;265941;250069;5.968241076028141;58024873;40561414
;08/02/2020 06:00;274313;260481;5.042415051419364;61233576;42678022
;08/02/2020 12:00;302315;289296;4.306435340621538;67897589;48832150
;08/02/2020 18:00;308111;295812;3.99174323539244;75516433;53250417
;09/02/2020 00:00;249785;234391;6.16290009408091;45283826;30562205
;09/02/2020 06:00;257511;236880;8.011696587718582;44822306;28067971
;09/02/2020 12:00;294628;271663;7.7945748537138355;50895407;31852062
;09/02/2020 18:00;306286;289797;5.38353042581117;55407179;38077596
;10/02/2020 00:00;257012;236828;7.853329805612189;42516071;25662100
;10/02/2020 06:00;319170;307935;3.520067675533415;59295154;43152775
;10/02/2020 12:00;341595;325682;4.658440550944833;60279874;42697535
;10/02/2020 18:00;342151;328761;3.9134767982557412;67691300;49156127
;11/02/2020 00:00;275453;253675;7.906248978954668;47296388;30417777
;11/02/2020 06:00;330150;320149;3.029229138270483;65205633;46997791
;11/02/2020 12:00;343169;330494;3.6935154399144445;65431173;46477449
;11/02/2020 18:00;347730;336255;3.299974117850056;72685689;52224784
;12/02/2020 00:00;279207;260819;6.5857947687557985;49294962;32329502
;12/02/2020 06:00;331159;323832;2.2125323485093262;71399639;50877140
;12/02/2020 12:00;343565;331778;3.4307918443380436;69778370;49098799
;12/02/2020 18:00;342778;337090;1.6593830409186119;79144571;56097233
;13/02/2020 00:00;276959;257842;6.902465707920667;58696675;38448735
;13/02/2020 06:00;325272;319387;1.8092550234880347;79037571;56342996
;13/02/2020 12:00;342869;331951;3.184306542732064;77368907;55456068
;13/02/2020 18:00;334659;335239;-0.17331074317439543;84659963;62569473
;14/02/2020 00:00;272671;252054;7.561126779158767;68707470;47227591
;14/02/2020 06:00;321094;319629;0.4562526861292954;88709514;65458339
;14/02/2020 12:00;328157;324059;1.2487924987125065;87126147;64994828
;14/02/2020 18:00;325592;321752;1.1793901570063148;89533921;65783523
;15/02/2020 00:00;255159;245983;3.596189042910499;50523115;36301148
;15/02/2020 06:00;262930;255450;2.844863651922565;48954526;35771782
;15/02/2020 12:00;297348;280082;5.8066642452614445;49927874;34862983
;15/02/2020 18:00;298752;290298;2.829771850899743;51619796;36707842
;16/02/2020 00:00;248051;230265;7.170299656119104;39066365;23075499
;16/02/2020 06:00;249177;230097;7.657207527179474;40287295;23278283
;16/02/2020 12:00;288157;265986;7.69406955236208;42641228;25305959
;16/02/2020 18:00;297539;284528;4.3728721276874625;49802997;33628486
;17/02/2020 00:00;252228;234456;7.046005994576336;40734864;23604647
;17/02/2020 06:00;310220;304469;1.8538456579201859;61030469;43982240
;17/02/2020 12:00;332206;319649;3.77988356622096;64073850;45938251
;17/02/2020 18:00;335728;326831;2.650061954915884;68799626;50748543
;18/02/2020 00:00;271326;250444;7.6962768035499725;46688875;30992751
;18/02/2020 06:00;320738;314573;1.9221295886362078;64428240;46713126
;18/02/2020 12:00;335612;323202;3.697722369879504;62173350;44324700
;18/02/2020 18:00;339132;329283;2.9041789037896746;72439093;52265813
;19/02/2020 00:00;271615;251911;7.254385803435009;47465179;32326297
;19/02/2020 06:00;321724;312473;2.8754460344891895;71424675;51811530
;19/02/2020 12:00;338034;324292;4.065271540732589;71622945;52253894
;19/02/2020 18:00;332929;330736;0.6586990018892916;80857416;58311013
;20/02/2020 00:00;264665;252213;4.704815521508322;56849188;38739860
;20/02/2020 06:00;320562;314604;1.8586108147565839;76123230;55555262
;20/02/2020 12:00;333687;322357;3.39539748327025;72701300;52826639
;20/02/2020 18:00;341928;330083;3.464179593364685;74279871;53125648
;21/02/2020 00:00;277544;254934;8.146456057417922;48650808;32243353
;21/02/2020 06:00;320345;316106;1.3232608593859745;67297902;47862606
;21/02/2020 12:00;334079;320110;4.1813463282636745;62325623;44944525
;21/02/2020 18:00;329692;319904;2.9688315154750495;72199942;51764327
;22/02/2020 00:00;260563;246777;5.290850965025733;46327164;31550673
;22/02/2020 06:00;268439;257849;3.945030342088892;47517612;32401272
;22/02/2020 12:00;301177;281673;6.475926116536124;50568437;33303223
;22/02/2020 18:00;303770;287120;5.481120584652863;55869044;38575344
;23/02/2020 00:00;248498;229957;7.461227052129192;41013539;25229609
;23/02/2020 06:00;248075;229734;7.3933286304545005;42087162;27084385
;23/02/2020 12:00;274698;262689;4.37171002337112;45617662;32548245
;23/02/2020 18:00;296837;282297;4.898311194359193;54684494;39223293
;24/02/2020 00:00;252022;233366;7.402528350699542;45599020;30482209
;24/02/2020 06:00;300164;296790;1.1240521848056395;70333148;50926008
;24/02/2020 12:00;326757;313927;3.9264652325734417;71378566;51875698
;24/02/2020 18:00;333504;320053;4.033234983688351;74805475;53624837
;25/02/2020 00:00;268134;247137;7.83078609948757;48527090;31715863
;25/02/2020 06:00;312817;302011;3.4544158405713246;64157070;45351279
;25/02/2020 12:00;330855;317880;3.921657523688625;61902944;43758005
;25/02/2020 18:00;329640;323707;1.7998422521538648;73425591;53661440
;26/02/2020 00:00;264966;249808;5.720733980963595;53506563;36477672
;26/02/2020 06:00;315722;311527;1.3287005656875353;73572302;53815712
;26/02/2020 12:00;337930;327247;3.1613055958334564;75982801;55208759
;26/02/2020 18:00;335897;334173;0.5132525744499058;85107959;61260993
;27/02/2020 00:00;273250;258283;5.47740164684355;66960135;44587440
;27/02/2020 06:00;321017;316645;1.3619216427790428;83079985;59659957
;27/02/2020 12:00;332871;332735;0.040856668198791725;83270699;61460073
;27/02/2020 18:00;335699;335400;0.08906788521860357;91543819;66567876
;28/02/2020 00:00;279313;263563;5.6388352851460555;66162606;45863907
;28/02/2020 06:00;323294;328706;-1.6740180764257921;86611683;62493534
;28/02/2020 12:00;331542;336052;-1.360310307593005;84332488;61238619
;28/02/2020 18:00;336536;339613;-0.9143152589916086;87040927;62175224
;29/02/2020 00:00;303206;308074;-1.605509125808856;75373761;55110867
;29/02/2020 06:00;300607;306242;-1.8745405130286386;74114432;54130666
;29/02/2020 12:00;314103;319721;-1.7885852729837028;77766783;56282993
;29/02/2020 18:00;315293;320761;-1.734259878906287;79139933;57235427
;01/03/2020 00:00;299018;304049;-1.6825074075808146;74613874;54364636
;01/03/2020 06:00;291568;298765;-2.4683778741151294;73490354;53534178
;01/03/2020 12:00;307833;313487;-1.8367101642773842;76467230;55475300
;01/03/2020 18:00;315049;318811;-1.1940999654022073;79003620;58422457
;02/03/2020 00:00;299251;302110;-0.9553852785788519;75941992;55945997
;02/03/2020 06:00;317351;317237;0.03592236986806407;81669776;60032549
;02/03/2020 12:00;320832;321689;-0.26711799321763413;82222427;59893811
;02/03/2020 18:00;324643;320766;1.1942348980264477;82657421;60628192
;03/03/2020 00:00;267098;251597;5.803487858389056;62572237;41906623
;03/03/2020 06:00;319659;314847;1.5053541430086435;86351559;60367472
;03/03/2020 12:00;338052;329366;2.5694271887165288;85785452;59961208
;03/03/2020 18:00;330029;330727;-0.21149656545333897;91846048;64760379
;04/03/2020 00:00;277150;257315;7.156774309940466;67274037;45035754
;04/03/2020 06:00;319469;314889;1.4336289280024042;85994692;61351501
;04/03/2020 12:00;334985;324201;3.219248623072675;85329219;61151289
;04/03/2020 18:00;328986;329273;-0.08723775479807652;92164893;67515062
;05/03/2020 00:00;267532;252428;5.645679769149111;67389610;46669212
;05/03/2020 06:00;311021;305509;1.7722275987795035;84907578;61274823
;05/03/2020 12:00;335641;323845;3.514469328836465;82592715;59258089
;05/03/2020 18:00;338881;329243;2.8440662061313557;82176844;58388459
;06/03/2020 00:00;280674;257183;8.369496283945075;53149931;36369364
;06/03/2020 06:00;323536;311138;3.832031056822115;75359994;53446334
;06/03/2020 12:00;333084;324229;2.6584885494349773;74212638;53014965
;06/03/2020 18:00;326010;322425;1.0996595196466366;78242008;56678900
;07/03/2020 00:00;264283;252429;4.48534336298589;59291476;41574350
;07/03/2020 06:00;270356;260968;3.472458536152333;61794123;43878492
;07/03/2020 12:00;298616;283323;5.121292897902323;61091672;42595588
;07/03/2020 18:00;295901;290194;1.9286856076863546;68386495;48685397
;08/03/2020 00:00;248386;236640;4.7289299718985776;45218873;31036415
;08/03/2020 06:00;251852;234339;6.953687086066419;44312383;29768835
;08/03/2020 12:00;285169;266218;6.645532999729984;47860820;30946057
;08/03/2020 18:00;290030;282732;2.516291418129159;58363336;41814466
;09/03/2020 00:00;250775;232815;7.161798424882863;51415207;35596675
;09/03/2020 06:00;305382;303326;0.6732551361900831;73859450;55557981
;09/03/2020 12:00;326028;315443;3.246653661648693;76101511;56481556
;09/03/2020 18:00;324887;323136;0.5389566218408246;82730877;61095197
;10/03/2020 00:00;266796;248046;7.027841496874015;49575574;32854447
;10/03/2020 06:00;317073;309638;2.344885878015473;64238790;46884354
;10/03/2020 12:00;332540;321498;3.3205027966560414;66304156;47814360
;10/03/2020 18:00;334787;324504;3.0715051659711996;69976041;50457469
;11/03/2020 00:00;269160;245737;8.702258879476892;47284879;31315977
;11/03/2020 06:00;304451;299015;1.785508998163908;65079463;47910254
;11/03/2020 12:00;321934;310632;3.510657463952239;62182625;45083397
;11/03/2020 18:00;317277;314318;0.9326235434651741;71387458;52325914
;12/03/2020 00:00;261443;241866;7.48805667009635;45461355;29875237
;12/03/2020 06:00;303356;297308;1.993697174277087;57546014;40728613
;12/03/2020 12:00;326135;310981;4.646542076134116;56381014;37995724
;12/03/2020 18:00;315831;318350;-0.797578451766926;65548531;46711357
;13/03/2020 00:00;267032;247545;7.297627250666587;46022271;29875050
;13/03/2020 06:00;311814;303213;2.758375185206565;61278556;43264626
;13/03/2020 12:00;329069;311809;5.245100571612641;59427793;40867265
;13/03/2020 18:00;315407;312188;1.0205860998646195;73930906;52357049
;14/03/2020 00:00;249149;241370;3.1222280643309825;60030876;40421535
;14/03/2020 06:00;252530;247724;1.903140220963846;59758270;41471983
;14/03/2020 12:00;279708;269012;3.8239878730676273;56260053;38128266
;14/03/2020 18:00;287392;283247;1.4422809264001781;66971424;46106344
;15/03/2020 00:00;235996;227591;3.561501042390549;41608241;27714797
;15/03/2020 06:00;236740;223887;5.4291627946270165;41025805;24978863
;15/03/2020 12:00;276133;255649;7.418164435254027;45739455;25740514
;15/03/2020 18:00;277489;271142;2.2872978748707156;54547236;37186976
;16/03/2020 00:00;240943;226642;5.935428711354968;46083046;29689349
;16/03/2020 06:00;288961;283507;1.8874519398811604;69091570;47818594
;16/03/2020 12:00;311986;301735;3.2857243594263847;70605179;48291318
;16/03/2020 18:00;304507;308585;-1.3392138768566897;82540525;59181412
;17/03/2020 00:00;249290;235946;5.3528019575594685;61647811;41789441
;17/03/2020 06:00;289331;281830;2.5925324282569098;73214788;51061433
;17/03/2020 12:00;312745;298829;4.449631488912693;69183542;47046100
;17/03/2020 18:00;305161;301228;1.2888278646353892;77887307;55407199
;18/03/2020 00:00;250498;231135;7.729802233949972;57310631;37368450
;18/03/2020 06:00;281780;272398;3.3295478742281213;65062290;44902088
;18/03/2020 12:00;300266;288381;3.958157100704043;59158898;40378318
;18/03/2020 18:00;293812;292963;0.28896028753080205;75170981;54037062
;19/03/2020 00:00;238688;225109;5.689016624212361;62532905;42588724
;19/03/2020 06:00;269243;264440;1.783890388979472;71632428;51273676
;19/03/2020 12:00;286127;279021;2.483512566098271;66784891;48384380
;19/03/2020 18:00;286893;285611;0.4468564935359176;77788422;56955699
;20/03/2020 00:00;231522;221512;4.32356320349686;56263215;40689889
;20/03/2020 06:00;261395;260267;0.43153082499665263;66549493;48549437
;20/03/2020 12:00;287444;280723;2.3381945700727793;63639411;46262945
;20/03/2020 18:00;285892;283418;0.8653617449946133;68235838;49109338
;21/03/2020 00:00;232324;219859;5.365351836228715;42092978;27582240
;21/03/2020 06:00;232249;221853;4.476230252875147;41858472;27739168
;21/03/2020 12:00;273802;259675;5.159567862908233;47176460;29098264
;21/03/2020 18:00;271190;268163;1.1161915999852503;51911357;36153297
;22/03/2020 00:00;222254;216681;2.507491428725692;40578217;26447756
;22/03/2020 06:00;220459;210719;4.418055057856563;40453655;25024613
;22/03/2020 12:00;266590;249556;6.389587006264301;45478060;26044818
;22/03/2020 18:00;265215;265271;-0.021114944479007598;50292322;35078685
;23/03/2020 00:00;227508;220282;3.1761520474005307;40786974;26233513
;23/03/2020 06:00;261419;265111;-1.412292144029317;50916361;36967961
;23/03/2020 12:00;294246;286736;2.5522861823100396;52324477;36227886
;23/03/2020 18:00;288988;292712;-1.2886348222071504;63444174;45330859
;24/03/2020 00:00;243421;231741;4.798271307734337;48059842;31907052
;24/03/2020 06:00;268044;267829;0.08021071167420274;56562294;40817135
;24/03/2020 12:00;296355;283431;4.360985979652781;53501663;37064474
;24/03/2020 18:00;286962;290851;-1.3552317031523338;65779124;47642747
;25/03/2020 00:00;241501;230729;4.460437016823946;51636587;34875954
;25/03/2020 06:00;264274;267463;-1.206702134905439;58468668;42398932
;25/03/2020 12:00;294226;280818;4.557041186027068;55503944;38274369
;25/03/2020 18:00;286259;288335;-0.7252173730782263;63839891;45807781
;26/03/2020 00:00;234273;228678;2.3882393617702427;48035947;32320463
;26/03/2020 06:00;265825;264780;0.39311577165428385;58200316;41438713
;26/03/2020 12:00;297291;283148;4.7572916771782525;53633115;36357053
;26/03/2020 18:00;285682;287815;-0.7466343696837743;61834706;44036494
;27/03/2020 00:00;235602;229388;2.637498832777311;52341358;35069022
;27/03/2020 06:00;262657;263482;-0.31409785385502764;58186710;40859328
;27/03/2020 12:00;286704;274920;4.110162397455215;53051401;35584958
;27/03/2020 18:00;277803;280492;-0.9679521099484167;61683247;43421767
;28/03/2020 00:00;225325;219626;2.5292355486519473;48987957;32946902
;28/03/2020 06:00;220390;219059;0.6039293978855665;43862482;29966895
;28/03/2020 12:00;260649;244527;6.1853296962581865;47119261;28745265
;28/03/2020 18:00;261402;259273;0.8144543653070749;49156388;34539561
;29/03/2020 00:00;214589;209123;2.547194870193719;37044639;23919115
;29/03/2020 06:00;220928;209114;5.3474435110081115;38504908;22313919
;29/03/2020 12:00;262916;246870;6.1030899602915;42308194;23671346
;29/03/2020 18:00;258815;258512;0.1170720398740413;43512725;29288398
;30/03/2020 00:00;222731;217240;2.4653056826395967;41869773;27420507
;30/03/2020 06:00;272794;276566;-1.3827283591281334;60135953;42559950
;30/03/2020 12:00;290899;282198;2.991072502827442;57671934;40005262
;30/03/2020 18:00;281094;281834;-0.26325713106647597;67311242;48391564
;31/03/2020 00:00;240304;224873;6.421449497303415;58471101;39015254
;31/03/2020 06:00;275796;275397;0.14467214897968064;68105682;48720952
;31/03/2020 12:00;288651;274810;4.795063935340601;61921978;43367167
;31/03/2020 18:00;275843;275958;-0.041690381847645216;67060035;48812484
;01/04/2020 00:00;230863;222087;3.801388702390595;53691056;36111649
;01/04/2020 06:00;268511;273639;-1.909791405193828;62502752;44738609
;01/04/2020 12:00;279055;271018;2.880077404095967;54032989;37180011
;01/04/2020 18:00;270251;272281;-0.7511535572486319;65892108;47490225
;02/04/2020 00:00;227473;222473;2.1980630668255134;55268314;36859227
;02/04/2020 06:00;268879;270999;-0.7884587491027563;61844457;43577805
;02/04/2020 12:00;283295;272952;3.6509645422615997;49956802;33748270
;02/04/2020 18:00;273979;273357;0.22702469897327898;55721263;39836381
;03/04/2020 00:00;235467;221065;6.116356007423546;46190597;29749238
;03/04/2020 06:00;267011;268712;-0.6370524060806484;57481407;40105758
;03/04/2020 12:00;276982;268618;3.019690810233156;53364891;37034781
;03/04/2020 18:00;264047;264360;-0.11853950243706612;61469611;44962385
;04/04/2020 00:00;216733;213149;1.6536475755883968;49715584;33115171
;04/04/2020 06:00;228262;225711;1.117575417721741;48970554;33152832
;04/04/2020 12:00;252872;235521;6.861574235186181;43057105;26076293
;04/04/2020 18:00;242248;244628;-0.9824642515108484;54441680;38623974
;05/04/2020 00:00;204835;199338;2.683623404203383;36346733;21288470
;05/04/2020 06:00;209687;204487;2.479886688254398;36219781;20582825
;05/04/2020 12:00;243995;225945;7.397692575667534;38793577;20277926
;05/04/2020 18:00;232253;235516;-1.4049334131313695;40057027;26821058
;06/04/2020 00:00;208463;198544;4.7581585221358225;34878206;19683288
;06/04/2020 06:00;246979;248620;-0.664428959547168;43896763;30691710
;06/04/2020 12:00;269753;260507;3.427580045448985;44154801;28948363
;06/04/2020 18:00;258813;260582;-0.6835050789566212;58070769;42921951
;07/04/2020 00:00;217959;205581;5.679049729536289;46741136;32190375
;07/04/2020 06:00;250210;253188;-1.1902002318052836;57294881;41963827
;07/04/2020 12:00;266157;255681;3.936022723430156;48826601;33236060
;07/04/2020 18:00;254050;256230;-0.8580987994489274;59539301;43961698
;08/04/2020 00:00;212827;200449;5.815991392069615;42851041;29151668
;08/04/2020 06:00;245825;247856;-0.8261974982202787;56018409;40916284
;08/04/2020 12:00;261625;250904;4.097849976110846;49062176;33638201
;08/04/2020 18:00;250661;252450;-0.7137129429787641;63571482;47849425
;09/04/2020 00:00;206840;198802;3.8860955327789597;46358268;33437327
;09/04/2020 06:00;238359;241821;-1.4524309969415883;55500166;40778369
;09/04/2020 12:00;258631;247770;4.199419249819241;45186330;30462792
;09/04/2020 18:00;241465;245426;-1.6404033710889776;54650125;40796528
;10/04/2020 00:00;196708;191879;2.454907782093255;39620853;27972674
;10/04/2020 06:00;216672;214411;1.043512775070152;44537715;32659382
;10/04/2020 12:00;241873;229245;5.220921723383759;42427723;28436884
;10/04/2020 18:00;232612;232959;-0.14917545096555637;51934771;39407719
;11/04/2020 00:00;186914;186765;0.0797158051296318;37954149;25911664
;11/04/2020 06:00;197920;199881;-0.9908043654001617;40977240;27840930
;11/04/2020 12:00;228645;217688;4.79214502831901;43125434;26465993
;11/04/2020 18:00;219594;225400;-2.6439702359809467;51253512;36399189
;12/04/2020 00:00;180388;180704;-0.17517794975275516;33255464;20062805
;12/04/2020 06:00;190206;188462;0.9169006235344836;36197396;21671301
;12/04/2020 12:00;221068;206801;6.45367036386994;39265731;20679818
;12/04/2020 18:00;210991;217096;-2.8934883478442206;40834797;27018406
;13/04/2020 00:00;183975;178834;2.794401413235494;32377424;17097174
;13/04/2020 06:00;198594;193133;2.749831314138393;33640499;19384301
;13/04/2020 12:00;227061;213630;5.915150554256345;34302695;18924882
;13/04/2020 18:00;225240;221559;1.6342567927543954;38381616;25009644
;14/04/2020 00:00;201251;191952;4.620598158518467;33834370;20069412
;14/04/2020 06:00;245939;248902;-1.2047702885674905;48942835;34418135
;14/04/2020 12:00;260211;256393;1.4672707917805166;43194880;29486688
;14/04/2020 18:00;250011;252625;-1.0455539956241926;54366694;38233620
;15/04/2020 00:00;214288;204804;4.425819457925782;37971315;24049616
;15/04/2020 06:00;254481;252768;0.6731347330449031;49331727;33610462
;15/04/2020 12:00;269301;256660;4.694004106928679;43188391;27473826
;15/04/2020 18:00;252132;252407;-0.10906985229958911;57062820;39828464
;16/04/2020 00:00;215528;200426;7.006978211647674;43542796;26981018
;16/04/2020 06:00;251249;246039;2.0736400940899267;54147188;37171155
;16/04/2020 12:00;267454;252500;5.591241858413035;45028917;27992251
;16/04/2020 18:00;255264;252204;1.1987589319292966;58886133;41230290
;17/04/2020 00:00;212682;198306;6.759387254210511;45672770;29374609
;17/04/2020 06:00;246920;242297;1.872266321075652;55111592;37755062
;17/04/2020 12:00;266077;249123;6.371839730604299;47276594;30187619
;17/04/2020 18:00;248460;245008;1.389358448039926;56513167;39965323
;18/04/2020 00:00;196361;192803;1.8119687718029547;37309439;24199374
;18/04/2020 06:00;205427;204512;0.4454136992703004;40382498;26981018
;18/04/2020 12:00;237326;227826;4.002932674886022;40581546;25608477
;18/04/2020 18:00;228730;231114;-1.042276920386482;45671881;31174476
;19/04/2020 00:00;188942;184528;2.3361666543171977;35878533;21459752
;19/04/2020 06:00;194398;188501;3.033467422504347;35627319;20892783
;19/04/2020 12:00;236926;220393;6.978128191924905;40074120;21279365
;19/04/2020 18:00;227073;221492;2.45779991456492;38918333;24416869
;20/04/2020 00:00;196074;184692;5.804951191896937;33499172;18691048
;20/04/2020 06:00;240811;239979;0.34549916739683817;43726542;29365607
;20/04/2020 12:00;271387;256132;5.62112407742449;42186900;24257630
;20/04/2020 18:00;249884;246624;1.3046053368763104;41572312;27744143
;21/04/2020 00:00;207823;196427;5.483512412004446;33837416;19050147
;21/04/2020 06:00;249471;247155;0.9283644191108384;42648124;28452108
;21/04/2020 12:00;274485;260403;5.130334990983114;42517038;24466191
;21/04/2020 18:00;253773;249564;1.6585688784858907;42971830;29291369
;22/04/2020 00:00;211912;198261;6.441824908452565;34931078;20680792
;22/04/2020 06:00;251699;250014;0.6694504149797973;46166960;32326456
;22/04/2020 12:00;271172;259573;4.277359019367781;43826059;27394717
;22/04/2020 18:00;248043;251348;-1.332430264107433;47680816;33921949
;23/04/2020 00:00;206885;198535;4.036058679942964;39139870;25987016
;23/04/2020 06:00;248253;246317;0.7798495889274248;56660315;41310234
;23/04/2020 12:00;264578;252714;4.4841218846616115;49325286;33629833
;23/04/2020 18:00;243949;246602;-1.0875223919753718;60466682;44662578
;24/04/2020 00:00;203998;199080;2.41080794909754;45332878;31621765
;24/04/2020 06:00;241754;243038;-0.5311184096230052;54395882;38380095
;24/04/2020 12:00;261236;249373;4.541104595078779;43358346;26850135
;24/04/2020 18:00;239008;242646;-1.522124782434061;46301421;32567898
;25/04/2020 00:00;198524;194037;2.2601801293546373;35773713;22762357
;25/04/2020 06:00;199879;204688;-2.4059556031399;37544418;24757321
;25/04/2020 12:00;233299;226367;2.9712943475968605;41159895;24484673
;25/04/2020 18:00;222644;227667;-2.256067982968326;47536312;33602701
;26/04/2020 00:00;181974;184273;-1.2633672942288459;36713729;24654295
;26/04/2020 06:00;188241;187476;0.40639393118396094;37543305;24170508
;26/04/2020 12:00;225421;211049;6.375626050811592;39843630;23541942
;26/04/2020 18:00;219709;222647;-1.3372233272191854;54373611;37823618
;27/04/2020 00:00;196025;189147;3.5087361305955875;45033815;29634840
;27/04/2020 06:00;241292;237267;1.6681033768214444;58998689;41294301
;27/04/2020 12:00;264079;249817;5.400656621692751;54282296;36411880
;27/04/2020 18:00;249133;249657;-0.21032942243701158;62982884;45291094
;28/04/2020 00:00;207750;197787;4.795667870036101;47361430;31719050
;28/04/2020 06:00;249135;247827;0.5250165572882173;60618252;42847341
;28/04/2020 12:00;268458;259586;3.304800005959964;57014049;39718108
;28/04/2020 18:00;254024;252560;0.5763234969924101;61584135;43104344
;29/04/2020 00:00;210841;199312;5.468101555200365;44559526;27953104
;29/04/2020 06:00;250321;249436;0.3535460468758115;59660297;40891589
;29/04/2020 12:00;260816;252156;3.320348444880682;53134644;35041869
;29/04/2020 18:00;248988;250137;-0.46146802255530384;58955799;40253244
;30/04/2020 00:00;209937;202552;3.517721983261645;35631270;20904498
;30/04/2020 06:00;245589;245879;-0.11808346465028972;46302979;31404725
;30/04/2020 12:00;264602;253446;4.216143490978904;42633447;26959534
;30/04/2020 18:00;240382;243402;-1.2563336689103177;50178622;34013683
;01/05/2020 00:00;206521;195804;5.189302782767854;33453468;18715190
;01/05/2020 06:00;215250;206674;3.9842044134727064;33955852;19338759
;01/05/2020 12:00;240229;224848;6.402640813557064;38540059;21855862
;01/05/2020 18:00;223289;226332;-1.362807840959474;42132508;27522223
;02/05/2020 00:00;196101;188331;3.9622439457218475;33614865;19200863
;02/05/2020 06:00;207070;205436;0.7891051335297242;36785791;22653516
;02/05/2020 12:00;238115;226360;4.93669025470886;38505143;22355004
;02/05/2020 18:00;218962;225450;-2.963071217836885;42775260;27925598
;03/05/2020 00:00;180639;184007;-1.8644921639291625;33039659;20280708
;03/05/2020 06:00;188764;188808;-0.023309529359411753;34552929;20307733
;03/05/2020 12:00;217295;210634;3.065417980165213;37762246;20968476
;03/05/2020 18:00;213663;220798;-3.339370878439411;47933785;32212245
;04/05/2020 00:00;191115;186341;2.497972424979724;41973457;26140584
;04/05/2020 06:00;246293;247035;-0.30126718989171436;60157020;41371343
;04/05/2020 12:00;271131;256838;5.271621467113683;55594262;36389724
;04/05/2020 18:00;253350;248155;2.050522991908427;56328726;37977692
;05/05/2020 00:00;212350;197437;7.022839651518719;42731190;26851059
;05/05/2020 06:00;250369;247130;1.2936905128031027;56424432;38566293
;05/05/2020 12:00;245746;240079;2.306039569311403;49857116;32075944
;05/05/2020 18:00;238826;234738;1.7117064306231315;52606162;35820820
;06/05/2020 00:00;209513;200214;4.438388071384592;45814236;30020213
;06/05/2020 06:00;255538;252981;1.0006339565935398;59824380;41438147
;06/05/2020 12:00;276518;259814;6.040836401246935;51720527;32929810
;06/05/2020 18:00;251415;249701;0.6817413439929997;57593031;39792160
;07/05/2020 00:00;214827;200495;6.671414673202158;47646114;30535080
;07/05/2020 06:00;257786;249355;3.2705422327046465;62059381;42131541
;07/05/2020 12:00;270745;257012;5.072300504164435;55397084;34573653
;07/05/2020 18:00;246684;246768;-0.03405166123461595;62817631;45173207
;08/05/2020 00:00;205468;196687;4.273658185216189;49844614;34297156
;08/05/2020 06:00;240928;236295;1.9229811395935714;58210199;40639173
;08/05/2020 12:00;261319;244006;6.625235822883142;51506425;33615325
;08/05/2020 18:00;235801;234364;0.6094121738245385;59428004;41517725
;09/05/2020 00:00;194430;190065;2.2450239160623364;44133739;29976357
;09/05/2020 06:00;203770;202845;0.45394317122245664;44919527;30482899
;09/05/2020 12:00;235101;223175;5.072713429547301;45839196;27569555
;09/05/2020 18:00;223015;224340;-0.5941304396565253;51505422;35716523
;10/05/2020 00:00;182565;183114;-0.3007148139018979;36106209;22766414
;10/05/2020 06:00;183853;188558;-2.559109723529124;36166459;22371225
;10/05/2020 12:00;225736;218029;3.414165219548499;38431680;19692973
;10/05/2020 18:00;222772;219958;1.2631749052843266;37882609;21893552
;11/05/2020 00:00;203442;187144;8.0111284788785;32844820;15783874
;11/05/2020 06:00;252823;253387;-0.22308096969025762;45270508;28163996
;11/05/2020 12:00;282282;271045;3.980771002047598;45321092;26296895
;11/05/2020 18:00;253174;255509;-0.9222905985606736;46454504;30416779
;12/05/2020 00:00;209200;207846;0.6472275334608031;39660652;25249009
;12/05/2020 06:00;261100;260712;0.14860206817311375;59950776;41545696
;12/05/2020 12:00;277231;267197;3.6193643567999247;55921140;37073727
;12/05/2020 18:00;254960;255180;-0.0862880451835582;62080758;43701321
;13/05/2020 00:00;227243;220707;2.8762162090801477;54768502;36309010
;13/05/2020 06:00;257388;258447;-0.4114410928248403;64079870;44473413
;13/05/2020 12:00;270610;267350;1.2046857100624515;61609085;42793722
;13/05/2020 18:00;258714;258355;0.13876326754640259;62283019;43413221
;14/05/2020 00:00;222938;219330;1.6183871749096164;51746867;35298942
;14/05/2020 06:00;257251;256995;0.09951370451426816;61797433;43483000
;14/05/2020 12:00;266748;261655;1.9092926657369502;58601249;41158674
;14/05/2020 18:00;254309;254542;-0.09162082348638861;59356840;42086279
;15/05/2020 00:00;215550;204086;5.318487589886337;46869782;29413975
;15/05/2020 06:00;257333;255979;0.5261664846716123;60371713;41511265
;15/05/2020 12:00;272368;259503;4.723388944369383;54647102;35902765
;15/05/2020 18:00;245601;245922;-0.13069979356761577;54725355;37032246
;16/05/2020 00:00;201663;197950;1.8411905009843152;40118008;24670097
;16/05/2020 06:00;217044;211238;2.675033633733252;41236083;24018232
;16/05/2020 12:00;244961;231811;5.368201468805238;43161515;23524759
;16/05/2020 18:00;224843;226386;-0.6862566324057231;47964206;31147594
;17/05/2020 00:00;184257;185329;-0.5817960783036736;35667848;20751199
;17/05/2020 06:00;195003;192763;1.1487002764060041;35665268;19951082
;17/05/2020 12:00;232865;217853;6.446653640521332;38763292;19224817
;17/05/2020 18:00;215301;219536;-1.967013622788561;42289352;26589091
;18/05/2020 00:00;192549;189749;1.4541753008325153;37938921;21395697
;18/05/2020 06:00;252634;254672;-0.8067006024525598;58420299;38440363
;18/05/2020 12:00;281529;266743;5.252034426293561;55089480;34627941
;18/05/2020 18:00;247956;249550;-0.6428559905789737;59247206;41093401
;19/05/2020 00:00;207065;198880;3.9528650423779976;46427663;29696251
;19/05/2020 06:00;256944;255207;0.6760227909583411;62392170;43272144
;19/05/2020 12:00;280710;268158;4.471518649139681;59766166;39358474
;19/05/2020 18:00;249642;250354;-0.2852084184552279;65506128;46361015
;20/05/2020 00:00;206921;201711;2.5178691384634715;50883707;34949213
;20/05/2020 06:00;257359;256003;0.5268904526362008;68481654;48113947
;20/05/2020 12:00;272763;264182;3.1459545466210597;63714385;42620064
;20/05/2020 18:00;245693;247150;-0.5930164880562327;63214287;45242737
;21/05/2020 00:00;195708;195923;-0.10985754286998999;45176909;30776773
;21/05/2020 06:00;223461;216971;2.90430992432684;51334244;35541281
;21/05/2020 12:00;250430;233569;6.732819550373358;50546077;31165405
;21/05/2020 18:00;231197;231876;-0.29368893194980905;56924464;40257412
;22/05/2020 00:00;196429;186434;5.088352534503561;41791875;25471154
;22/05/2020 06:00;228137;228797;-0.28929985052841056;46917455;32533509
;22/05/2020 12:00;250055;247838;0.8866049469116795;45045171;29805773
;22/05/2020 18:00;231627;235243;-1.5611306108527936;47203947;31787228
;23/05/2020 00:00;189830;188055;0.9350471474477163;36414822;21293280
;23/05/2020 06:00;200670;203047;-1.184531818408332;39625720;23803849
;23/05/2020 12:00;243521;231478;4.945364054845372;41123286;21496449
;23/05/2020 18:00;221399;221654;-0.11517667198135492;38792816;23090823
;24/05/2020 00:00;188526;182634;3.1252983673339485;34825823;18285695
;24/05/2020 06:00;200715;191210;4.735570336048626;34960180;17166235
;24/05/2020 12:00;223389;215437;3.5597097439891847;37985627;19636057
;24/05/2020 18:00;209597;216330;-3.2123551386708775;38772280;24024805
;25/05/2020 00:00;187738;184947;1.4866462836506193;35086532;20554444
;25/05/2020 06:00;254546;252241;0.9055337738561989;56658146;38510326
;25/05/2020 12:00;271620;265936;2.0926294087327886;55744086;37417725
;25/05/2020 18:00;245532;249203;-1.4951207989182673;58672765;42243690
;26/05/2020 00:00;205434;199684;2.7989524616178434;46365143;31915672
;26/05/2020 06:00;257413;256709;0.2734904608547354;64310311;45696352
;26/05/2020 12:00;277243;267272;3.5964839509022775;61083502;41850506
;26/05/2020 18:00;247915;249318;-0.5659197708892161;63599073;46079977
;27/05/2020 00:00;204768;199640;2.5042975464916393;49521823;34375443
;27/05/2020 06:00;257065;255706;0.5286600665201409;64367154;45587544
;27/05/2020 12:00;277942;267253;3.845766382914421;57078111;39185125
;27/05/2020 18:00;252667;250277;0.9459090423363558;59018826;42215217
;28/05/2020 00:00;209489;195830;6.520151416064805;46423273;30007290
;28/05/2020 06:00;258953;253343;2.166416299482918;61331165;43457552
;28/05/2020 12:00;283972;267164;5.918893412026538;57526294;38310079
;28/05/2020 18:00;252571;251111;0.5780552795055648;59044679;42407000
;29/05/2020 00:00;208661;197247;5.4701166006105595;47076726;32008682
;29/05/2020 06:00;256802;252972;1.4914214063753397;61962420;43772123
;29/05/2020 12:00;275288;258624;6.0532969108715236;55100501;37086196
;29/05/2020 18:00;245667;241407;1.7340546349326529;56234902;38996191
;30/05/2020 00:00;194295;186462;4.031498494557245;38894643;24799417
;30/05/2020 06:00;208457;204287;2.0004125551072884;42418518;27309251
;30/05/2020 12:00;238290;225858;5.217172353015234;42195765;23127306
;30/05/2020 18:00;216008;218937;-1.355968297470464;41737065;26700137
;31/05/2020 00:00;176151;176892;-0.4206618185534002;33467681;19747612
;31/05/2020 06:00;185590;181498;2.204860175656016;36318174;20718363
;31/05/2020 12:00;228784;212394;7.163962514861179;38065541;19228222
;31/05/2020 18:00;210310;210067;0.11554372117350577;38847112;24613047
;01/06/2020 00:00;182014;177279;2.601448240245256;34046092;20716107
;01/06/2020 06:00;211667;208449;1.5203125664369033;43447299;29536542
;01/06/2020 12:00;246998;232002;6.071304221086811;45626661;27603482
;01/06/2020 18:00;227311;227427;-0.051031406311177196;50755484;36708270
;02/06/2020 00:00;194635;184441;5.237495825519562;44584397;29408426
;02/06/2020 06:00;252834;252689;0.057349881740588686;64803862;45641782
;02/06/2020 12:00;274097;269670;1.6151216540129953;61399194;41980238
;02/06/2020 18:00;245316;251735;-2.6166250876420616;65031150;47116692
;03/06/2020 00:00;202854;196885;2.9425103769213328;51466488;35608948
;03/06/2020 06:00;256109;257693;-0.6184866599768067;66013213;47295982
;03/06/2020 12:00;278939;271088;2.8145938717784174;65048023;44619935
;03/06/2020 18:00;254383;254647;-0.1037805199246805;61584775;43702039
;04/06/2020 00:00;210724;199180;5.478255917693286;49103514;33355309
;04/06/2020 06:00;260927;259503;0.54574651147639;66594672;47268549
;04/06/2020 12:00;274270;269510;1.7355160972764065;63470241;43766713
;04/06/2020 18:00;254396;252759;0.6434849604553531;58213574;40888786
;05/06/2020 00:00;207089;195659;5.519366069660871;43363957;28428173
;05/06/2020 06:00;253773;253948;-0.06895926674626536;57733486;41313201
;05/06/2020 12:00;271629;261454;3.7459181457060917;49561756;35402848
;05/06/2020 18:00;250898;241593;3.708678427089893;49238057;35105678
;06/06/2020 00:00;193374;189157;2.180748187450226;33559438;20247353
;06/06/2020 06:00;212927;207227;2.676973798531891;37964683;22993561
;06/06/2020 12:00;247174;231065;6.517271234029469;39548649;22449587
;06/06/2020 18:00;220628;216202;2.00609170186921;40688400;27132620
;07/06/2020 00:00;182906;177449;2.98349972116825;31637265;18827895
;07/06/2020 06:00;194551;187802;3.469013266444274;34803116;20528328
;07/06/2020 12:00;225881;216602;4.107915229700595;38650303;22871272
;07/06/2020 18:00;216993;214537;1.1318337457890346;48139011;31910062
;08/06/2020 00:00;190449;182511;4.168044988422097;46152045;28862897
;08/06/2020 06:00;246780;248654;-0.7593808250263392;65191443;45231876
;08/06/2020 12:00;267919;263429;1.6758796501927822;65740911;44974369
;08/06/2020 18:00;246765;246358;0.16493424918444674;65445123;46064656
;09/06/2020 00:00;204170;194178;4.893960914923838;53776108;35632030
;09/06/2020 06:00;254342;256824;-0.9758514126648372;71417497;50042245
;09/06/2020 12:00;269896;267831;0.7651095236683759;71259612;49019691
;09/06/2020 18:00;248581;250229;-0.6629629778623467;68685663;48125227
;10/06/2020 00:00;205394;196509;4.325832302793655;54557468;36168271
;10/06/2020 06:00;253219;258120;-1.9354787752893738;71382675;50193968
;10/06/2020 12:00;269477;268731;0.2768325311622142;71062508;49001785
;10/06/2020 18:00;244897;249297;-1.7966737036386726;65120179;45579973
;11/06/2020 00:00;202083;194616;3.69501640415077;49631008;31234151
;11/06/2020 06:00;238423;237174;0.5238588558989694;57924049;37449138
;11/06/2020 12:00;261489;252383;3.4823644589256144;54140227;34324205
;11/06/2020 18:00;239583;237290;0.9570795924585633;55009073;36975878
;12/06/2020 00:00;206921;191497;7.454052512794738;45019458;26547098
;12/06/2020 06:00;247406;247224;0.0735632927253179;54762471;36061516
;12/06/2020 12:00;276422;261464;5.411291431217486;53004944;33012863
;12/06/2020 18:00;239647;239138;0.21239573205589887;50946475;33915961
;13/06/2020 00:00;194092;188100;3.0871957628341202;38486392;23072978
;13/06/2020 06:00;211254;208982;1.0754825944124136;44670187;28026641
;13/06/2020 12:00;239538;231198;3.4817022768829995;45873868;26872964
;13/06/2020 18:00;215999;218248;-1.0412085241135376;44457416;28846260
;14/06/2020 00:00;181034;179284;0.9666692444513186;36338382;22181959
;14/06/2020 06:00;184926;186762;-0.9928295642581356;37884339;23634378
;14/06/2020 12:00;216922;216520;0.1853200689648814;38768800;23496639
;14/06/2020 18:00;209809;215983;-2.942676434280703;46105433;30544151
;15/06/2020 00:00;189299;183950;2.825688461111786;43773926;27474228
;15/06/2020 06:00;248888;255137;-2.5107678955996273;66601550;46041444
;15/06/2020 12:00;269760;270232;-0.1749703440094899;69924700;47201431
;15/06/2020 18:00;244741;252323;-3.0979688732169928;68485977;48108979
;16/06/2020 00:00;199724;197725;1.000881216078188;56404422;37580331
;16/06/2020 06:00;250248;262282;-4.808829640996132;71797348;49579074
;16/06/2020 12:00;266453;268856;-0.9018476053938218;71152478;48019654
;16/06/2020 18:00;244361;253544;-3.7579646506602935;69287994;48675601
;17/06/2020 00:00;200384;198720;0.830405621207282;57549482;38228580
;17/06/2020 06:00;251670;261018;-3.714387888902134;72626918;49874861
;17/06/2020 12:00;271685;274704;-1.111213353700057;72268602;48367727
;17/06/2020 18:00;248560;255533;-2.8053588670743483;68516767;47729497
;18/06/2020 00:00;208524;199889;4.141010147512996;56515667;36575987
;18/06/2020 06:00;251563;263664;-4.810325842830623;68934309;48066596
;18/06/2020 12:00;272074;274576;-0.9196027551327948;68089779;46657239
;18/06/2020 18:00;244858;253096;-3.3643989577632754;68005903;48442450
;19/06/2020 00:00;203931;197622;3.0936934551392383;56061635;36982538
;19/06/2020 06:00;249694;254445;-1.9027289402228327;68409313;47150254
;19/06/2020 12:00;268534;264468;1.5141471843416476;66891627;44546980
;19/06/2020 18:00;238889;242659;-1.5781388008656738;62147997;43441068
;20/06/2020 00:00;195432;190199;2.6776577019116625;47486841;30760648
;20/06/2020 06:00;209742;209327;0.1978621353853782;46618051;31231145
;20/06/2020 12:00;241942;232492;3.9058948012333534;47459363;29022121
;20/06/2020 18:00;215583;220711;-2.3786662213625376;47563142;32551745
;21/06/2020 00:00;177279;180403;-1.7621940556975164;38059505;23633199
;21/06/2020 06:00;193159;190899;1.1700205530159091;36271722;21417755
;21/06/2020 12:00;224845;219725;2.277124241143899;38838099;21459880
;21/06/2020 18:00;216488;217488;-0.4619193673552345;47993403;31598432
;22/06/2020 00:00;190183;183918;3.2941955905627736;45140413;26980140
;22/06/2020 06:00;253044;258256;-2.059720839063562;65087936;42810392
;22/06/2020 12:00;281309;277077;1.5043955223615313;65404083;41279131
;22/06/2020 18:00;247303;258077;-4.356598989903074;64212946;42828579
;23/06/2020 00:00;202730;200546;1.0772949242835297;56490893;34784536
;23/06/2020 06:00;254543;264219;-3.8013223698942813;71053389;46512461
;23/06/2020 12:00;281538;280311;0.4358203865907977;67405630;42740124
;23/06/2020 18:00;246686;259797;-5.3148537006558945;67627100;46060924
;24/06/2020 00:00;204984;200389;2.241638371775358;56441786;35592655
;24/06/2020 06:00;250930;261516;-4.218706412146814;69965399;46643670
;24/06/2020 12:00;280287;281912;-0.5797628858990963;70025954;45330094
;24/06/2020 18:00;250898;261276;-4.136342258607083;69434184;46707212
;25/06/2020 00:00;212823;201452;5.342937558440583;59409443;35960126
;25/06/2020 06:00;260486;266675;-2.37594342882151;73808548;48958777
;25/06/2020 12:00;290655;287590;1.054514802773047;73399502;47148837
;25/06/2020 18:00;255759;264587;-3.451686939658037;71038941;47878419
;26/06/2020 00:00;212836;202813;4.709259711702908;57769680;35648546
;26/06/2020 06:00;260967;265839;-1.8669027118371289;71915977;47380747
;26/06/2020 12:00;283344;280793;0.9003190468123553;69220434;43969857
;26/06/2020 18:00;242069;253169;-4.585469432269312;64708284;43873843
;27/06/2020 00:00;198911;195840;1.543906571280623;52258262;33145158
;27/06/2020 06:00;217634;215859;0.815589475909095;53491151;34138567
;27/06/2020 12:00;254736;240178;5.714936247723133;51463202;30757933
;27/06/2020 18:00;230843;230807;0.01559501479360431;54394104;35431979
;28/06/2020 00:00;185689;184232;0.7846452940131079;40196070;23579499
;28/06/2020 06:00;197670;193346;2.187484190823089;39770582;22547708
;28/06/2020 12:00;239079;227208;4.965304355464093;42445970;22496224
;28/06/2020 18:00;226638;227271;-0.27930002912133;54249268;34246409
TOTAL;;191625299;186583145;;42700493593;29280028150